Workbook

Sheet IMPORTANTE!
A1: Atividade V - Modelagem Matemática e Programação Linear
A2: Aluno: Ramon Lopes de Queiroz
A8: PS: Como originalmente eu fiz no Google Planilhas, pode ter algum problema de compatibilidade com o excel. Segue o link do documento original com os valores do solver:
A10: Atividade V - Modelagem Matemática e Programação Linear
A11: Mas todos as tabelas foram feitas e aplicado o solver para resolver conforme solicitado.

Sheet Problema I
A1: Variáveis | B1: Mesas (x1) | C1: Cadeiras (x2) | D1: Bancos (x3) | E1: Total | F1: Valor
A2: Decisão (Qtd) | B2: 75 | C2: 0 | D2: 0 | F2: 0
A3: Lucro Unit. | B3: 400 | C3: 150 | D3: 200 | E3: Lucro Total: | F3: =SUMPRODUCT(B2:D2, B3:D3) -> 30000
A5: Restrições | B5: Uso x1 | C5: Uso x2 | D5: Uso x3 | E5: Total Uso | F5: Disponível
A6: Corte | B6: 5 | C6: 2 | D6: 3 | E6: =SUMPRODUCT(B2:D2, B6:D6) -> 375 | F6: 500
A7: Lixamento | B7: 3 | C7: 2 | D7: 2 | E7: =SUMPRODUCT(B2:D2, B7:D7) -> 225 | F7: 400
A8: Pintura | B8: 2 | C8: 0.5 | D8: 1 | E8: =SUMPRODUCT(B2:D2, B8:D8) -> 150 | F8: 200
A9: Montagem | B9: 4 | C9: 1.5 | D9: 2 | E9: =SUMPRODUCT(B2:D2, B9:D9) -> 300 | F9: 300
A10: Estocagem | B10: 1 | C10: 1 | D10: 1 | E10: =SUMPRODUCT(B2:D2, B10:D10) -> 75 | F10: 150

Sheet Problema II
A1: Variáveis | B1: Alfa (x1) | C1: Beta (x2) | D1: Gama (x3) | E1: Delta (x4) | F1: Total | G1: Valor
A2: Decisão (Qtd) | B2: 0 | C2: 300 | D2: 376.92308 | E2: 80.769231 | G2: 0
A3: Lucro Unit. | B3: 50 | C3: 65 | D3: 40 | E3: 70 | F3: Lucro Total: | G3: =SUMPRODUCT(B2:E2, B3:E3) -> 40230.769
A5: Restrições | B5: Uso x1 | C5: Uso x2 | D5: Uso x3 | E5: Uso x4 | F5: Total Uso | G5: Disponível
A6: Chips | B6: 2 | C6: 3 | D6: 1 | E6: 4 | F6: =SUMPRODUCT(B2:E2, B6:E6) -> 1600 | G6: 2000
A7: Resistores | B7: 10 | C7: 5 | D7: 8 | E7: 6 | F7: =SUMPRODUCT(B2:E2, B7:E7) -> 5000 | G7: 5000
A8: Soldagem | B8: 0.2 | C8: 0.3 | D8: 0.1 | E8: 0.4 | F8: =SUMPRODUCT(B2:E2, B8:E8) -> 160 | G8: 160
A9: Testes | B9: 0.15 | C9: 0.2 | D9: 0.1 | E9: 0.2 | F9: =SUMPRODUCT(B2:E2, B9:E9) -> 113.84615 | G9: 120
A10: Limite Beta | B10: 0 | C10: 1 | D10: 0 | E10: 0 | F10: =SUMPRODUCT(B2:E2, B10:E10) -> 300 | G10: 300

Sheet Problema III
A1: Ingredientes | B1: Milho | C1: Soja | D1: Farinha | E1: Calcário | F1: Total | G1: Valor
A2: Qtd (kg) | B2: 0 | C2: 0 | D2: 600 | E2: 400 | G2: 0
A3: Custo/kg | B3: 0.8 | C3: 1.5 | D3: 0.6 | E3: 0.4 | F3: Custo Total: | G3: =SUMPRODUCT(B2:E2, B3:E3) -> 520
A5: Nutrientes | B5: Milho | C5: Soja | D5: Farinha | E5: Calcário | F5: Total | G5: Requisito
A6: Proteína | B6: 0.09 | C6: 0.45 | D6: 0.3 | E6: 0 | F6: =SUMPRODUCT(B2:E2, B6:E6) -> 180 | G6: 180
A7: Cálcio | B7: 0.001 | C7: 0.002 | D7: 0.3 | E7: 0.38 | F7: =SUMPRODUCT(B2:E2, B7:E7) -> 332 | G7: 30
A8: Fibras | B8: 0.02 | C8: 0.06 | D8: 0 | E8: 0 | F8: =SUMPRODUCT(B2:E2, B8:E8) -> 0 | G8: 50
A9: Peso Total | B9: 1 | C9: 1 | D9: 1 | E9: 1 | F9: =SUMPRODUCT(B2:E2, B9:E9) -> 1000 | G9: 1000
A10: Limite Soja | B10: 0 | C10: 1 | D10: 0 | E10: 0 | F10: =SUMPRODUCT(B2:E2, B10:E10) -> 0 | G10: 400

Sheet Problema IV
A1: Materiais | B1: Mat A | C1: Mat B | D1: Mat C | E1: Sucata D | F1: Total | G1: Valor
A2: Qtd (ton) | B2: 1 | C2: 6.6888889 | D2: 0.77777778 | E2: 1.5333333 | G2: 0
A3: Custo/ton | B3: 200 | C3: 250 | D3: 180 | E3: 100 | F3: Custo Total: | G3: =SUMPRODUCT(B2:E2, B3:E3) -> 2165.5556
A5: Propriedades | B5: Mat A | C5: Mat B | D5: Mat C | E5: Sucata D | F5: Total na Liga | G5: Requisito (10t)
A6: Carbono | B6: 0.04 | C6: 0.02 | D6: 0.05 | E6: 0.01 | F6: =SUMPRODUCT(B2:E2, B6:E6) -> 0.228 | G6: 0.3
A7: Cromo | B7: 0.1 | C7: 0.2 | D7: 0.08 | E7: 0 | F7: =SUMPRODUCT(B2:E2, B7:E7) -> 1.5 | G7: 1.5
A8: Níquel | B8: 0.05 | C8: 0.12 | D8: 0.15 | E8: 0.02 | F8: =SUMPRODUCT(B2:E2, B8:E8) -> 1 | G8: 1
A9: Impurezas | B9: 0.005 | C9: 0.005 | D9: 0.02 | E9: 0.03 | F9: =SUMPRODUCT(B2:E2, B9:E9) -> 0.1 | G9: 0.1
A10: Limite Sucata | B10: 0 | C10: 0 | D10: 0 | E10: 1 | F10: =SUMPRODUCT(B2:E2, B10:E10) -> 1.5333333 | G10: 3
A11: Peso Lote | B11: 1 | C11: 1 | D11: 1 | E11: 1 | F11: =SUMPRODUCT(B2:E2, B11:E11) -> 10 | G11: 10

Sheet Problema V
A1: Custos | B1: CD1 | C1: CD2 | D1: CD3 | E1: Valor | F1: Total
A2: F1 | B2: 10 | C2: 15 | D2: 20
A3: F2 | B3: 12 | C3: 14 | D3: 16
A4: F3 | B4: 18 | C4: 11 | D4: 13
A6: Decisão (Qtd) | B6: CD1 | C6: CD2 | D6: CD3 | E6: Enviado | F6: Oferta
A7: F1 | B7: 300 | C7: 100 | D7: 0 | E7: =SUM(B7:D7) -> 400 | F7: 400
A8: F2 | B8: 0 | C8: 300 | D8: 200 | E8: =SUM(B8:D8) -> 500 | F8: 500
A9: F3 | B9: 0 | C9: 0 | D9: 300 | E9: =SUM(B9:D9) -> 300 | F9: 300
A10: Recebido | B10: =SUM(B7:B9) -> 300 | C10: =SUM(C7:C9) -> 400 | D10: =SUM(D7:D9) -> 500
A11: Demanda | B11: 300 | C11: 400 | D11: 500 | E11: Custo Total: | F11: =SUMPRODUCT(B2:D4, B7:D9) -> 15800

Sheet Problema VI
A1: Custos | B1: Porto 1 | C1: Porto 2 | D1: Porto 3 | E1: Porto 4 | F1: Coluna 1 | G1: Coluna 2
A2: Silo 1 | B2: 25 | C2: 30 | D2: 20 | E2: 40
A3: Silo 2 | B3: 35 | C3: 22 | D3: 28 | E3: 32
A4: Silo 3 | B4: 40 | C4: 35 | D4: 18 | E4: 25
A6: Decisão (Qtd) | B6: Porto 1 | C6: Porto 2 | D6: Porto 3 | E6: Porto 4 | F6: Enviado | G6: Oferta Disp.
A7: Silo 1 | B7: 800 | C7: 0 | D7: 100 | E7: 0 | F7: =SUM(B7:E7) -> 900 | G7: 1000
A8: Silo 2 | B8: 0 | C8: 900 | D8: 0 | E8: 0 | F8: =SUM(B8:E8) -> 900 | G8: 1500
A9: Silo 3 | B9: 0 | C9: 0 | D9: 600 | E9: 600 | F9: =SUM(B9:E9) -> 1200 | G9: 1200
A10: Recebido | B10: =SUM(B7:B9) -> 800 | C10: =SUM(C7:C9) -> 900 | D10: =SUM(D7:D9) -> 700 | E10: =SUM(E7:E9) -> 600
A11: Demanda | B11: 800 | C11: 900 | D11: 700 | E11: 600 | F11: Custo Total: | G11: =SUMPRODUCT(B2:E4, B7:E9) -> 67600

Sheet Problema VII
A1: Custos | B1: Metro 1 (M1) | C1: Metro 2 (M2) | D1: Metro 3 (M3) | E1: Total | F1: Valor
A2: Refinaria 1 | B2: 50 | C2: 70 | D2: 60 | F2: 0
A3: Refinaria 2 | B3: 80 | C3: 40 | D3: 55
A4: Refinaria 3 | B4: 65 | C4: 75 | D4: 45
A6: Decisão (Qtd) | B6: Metro 1 (M1) | C6: Metro 2 (M2) | D6: Metro 3 (M3) | E6: Enviado | F6: Oferta (Ref)
A7: Refinaria 1 | B7: 2000 | C7: 0 | D7: 0 | E7: =SUM(B7:D7) -> 2000 | F7: 2000
A8: Refinaria 2 | B8: 0 | C8: 1800 | D8: 0 | E8: =SUM(B8:D8) -> 1800 | F8: 1800
A9: Refinaria 3 | B9: 0 | C9: 0 | D9: 1200 | E9: =SUM(B9:D9) -> 1200 | F9: 1200
A10: Recebido | B10: =SUM(B7:B9) -> 2000 | C10: =SUM(C7:C9) -> 1800 | D10: =SUM(D7:D9) -> 1200
A11: Demanda (Nec) | B11: 2500 | C11: 2000 | D11: 1500 | E11: Custo Total: | F11: =SUMPRODUCT(B2:D4, B7:D9) -> 226000

Sheet __OpenSolverCache__

Sheet __OpenSolver__
A1: =ModelSheet=crie um arquivo no google planilhas pra mim e uti...!A:Z -> #ERROR! | B1: =ModelSheet=Problema I!A:Z -> #ERROR! | C1: =ModelSheet=Problema II!A:Z -> #ERROR! | D1: =ModelSheet=Problema III!A:Z -> #ERROR! | E1: =ModelSheet=Problema IV!A:Z -> #ERROR! | F1: =ModelSheet=Problema V!A:Z -> #ERROR! | G1: =ModelSheet=Problema VI!A:Z -> #ERROR! | H1: =ModelSheet=Problema VII!A:Z -> #ERROR!
A2: =OpenSolver_AdjNum=1 -> #NAME? | B2: =OpenSolver_AdjNum=1 -> #NAME? | C2: =OpenSolver_AdjNum=1 -> #NAME? | D2: =OpenSolver_AdjNum=1 -> #NAME? | E2: =OpenSolver_AdjNum=1 -> #NAME? | F2: =OpenSolver_AdjNum=1 -> #NAME? | G2: =OpenSolver_AdjNum=1 -> #NAME? | H2: =OpenSolver_AdjNum=1 -> #NAME?
A3: =OpenSolver_ChosenSolver=Google -> #NAME? | B3: =OpenSolver_ChosenSolver=Google -> #NAME? | C3: =OpenSolver_ChosenSolver=Google -> #NAME? | D3: =OpenSolver_ChosenSolver=Google -> #NAME? | E3: =OpenSolver_ChosenSolver=Google -> #NAME? | F3: =OpenSolver_ChosenSolver=Google -> #NAME? | G3: =OpenSolver_ChosenSolver=Google -> #NAME? | H3: =OpenSolver_ChosenSolver=Google -> #NAME?
A4: =OpenSolver_FastBuild=0 -> #NAME? | B4: =OpenSolver_FastBuild=0 -> #NAME? | C4: =OpenSolver_FastBuild=0 -> #NAME? | D4: =OpenSolver_FastBuild=0 -> #NAME? | E4: =OpenSolver_FastBuild=0 -> #NAME? | F4: =OpenSolver_FastBuild=0 -> #NAME? | G4: =OpenSolver_FastBuild=0 -> #NAME? | H4: =OpenSolver_FastBuild=0 -> #NAME?
A5: =OpenSolver_LinearityCheck=1 -> #NAME? | B5: =OpenSolver_LinearityCheck=1 -> #NAME? | C5: =OpenSolver_LinearityCheck=1 -> #NAME? | D5: =OpenSolver_LinearityCheck=1 -> #NAME? | E5: =OpenSolver_LinearityCheck=1 -> #NAME? | F5: =OpenSolver_LinearityCheck=1 -> #NAME? | G5: =OpenSolver_LinearityCheck=1 -> #NAME? | H5: =OpenSolver_LinearityCheck=1 -> #NAME?
A6: =solver_adj=crie um arquivo no google planilhas pra mim e uti...!B2:D2 -> #ERROR! | B6: =solver_adj=Problema I!B2:D2 -> #ERROR! | C6: =solver_adj=Problema II!B2:E2 -> #ERROR! | D6: =solver_adj=Problema III!B2:E2 -> #ERROR! | E6: =solver_adj=Problema IV!B2:E2 -> #ERROR! | F6: =solver_adj=Problema V!B7:D9 -> #ERROR! | G6: =solver_adj=Problema VI!B7:E9 -> #ERROR! | H6: =solver_adj=Problema VII!B7:D9 -> #ERROR!
A7: =solver_lhs1=crie um arquivo no google planilhas pra mim e uti...!E6:E10 -> #ERROR! | B7: =solver_lhs1=Problema I!E6:E10 -> #ERROR! | C7: =solver_lhs1=Problema II!F6:F10 -> #ERROR! | D7: =solver_lhs1=Problema III!F6:F7 -> #ERROR! | E7: =solver_lhs1=Problema IV!F6 -> #ERROR! | F7: =solver_lhs1=Problema V!E7:E9 -> #ERROR! | G7: =solver_lhs1=Problema VI!F7:F9 -> #ERROR! | H7: =solver_lhs1=Problema VII!E7:E9 -> #ERROR!
A8: =solver_lhs2=crie um arquivo no google planilhas pra mim e uti...!B2:D2 -> #ERROR! | B8: =solver_lhs2=Problema I!B2:D2 -> #ERROR! | C8: =solver_lhs2=Problema II!B2:E2 -> #ERROR! | D8: =solver_lhs2=Problema III!F8 -> #ERROR! | E8: =solver_lhs2=Problema IV!F7:F8 -> #ERROR! | F8: =solver_lhs2=Problema V!B10:D10 -> #ERROR! | G8: =solver_lhs2=Problema VI!B10:E10 -> #ERROR! | H8: =solver_lhs2=Problema VII!B10:D10 -> #ERROR!
A9: =solver_neg=1 -> #NAME? | B9: =solver_neg=1 -> #NAME? | C9: =solver_neg=1 -> #NAME? | D9: =solver_lhs3=Problema III!F9 -> #ERROR! | E9: =solver_lhs3=Problema IV!F9 -> #ERROR! | F9: =solver_neg=1 -> #NAME? | G9: =solver_neg=1 -> #NAME? | H9: =solver_lhs3=Problema VII!B7:D9 -> #ERROR!
A10: =solver_num=2 -> #NAME? | B10: =solver_num=2 -> #NAME? | C10: =solver_num=2 -> #NAME? | D10: =solver_lhs4=Problema III!F10 -> #ERROR! | E10: =solver_lhs4=Problema IV!F10 -> #ERROR! | F10: =solver_num=2 -> #NAME? | G10: =solver_num=2 -> #NAME? | H10: =solver_neg=1 -> #NAME?
A11: =solver_opt=crie um arquivo no google planilhas pra mim e uti...!F3 -> #ERROR! | B11: =solver_opt=Problema I!F3 -> #ERROR! | C11: =solver_opt=Problema II!G3 -> #ERROR! | D11: =solver_neg=1 -> #NAME? | E11: =solver_lhs5=Problema IV!F11 -> #ERROR! | F11: =solver_opt=Problema V!F11 -> #ERROR! | G11: =solver_opt=Problema VI!G11 -> #ERROR! | H11: =solver_num=3 -> #NAME?
A12: =solver_rel1=1 -> #NAME? | B12: =solver_rel1=1 -> #NAME? | C12: =solver_rel1=1 -> #NAME? | D12: =solver_num=4 -> #NAME? | E12: =solver_neg=1 -> #NAME? | F12: =solver_rel1=2 -> #NAME? | G12: =solver_rel1=1 -> #NAME? | H12: =solver_opt=Problema VII!F11 -> #ERROR!
A13: =solver_rel2=3 -> #NAME? | B13: =solver_rel2=3 -> #NAME? | C13: =solver_rel2=3 -> #NAME? | D13: =solver_opt=Problema III!G3 -> #ERROR! | E13: =solver_num=5 -> #NAME? | F13: =solver_rel2=2 -> #NAME? | G13: =solver_rel2=2 -> #NAME? | H13: =solver_rel1=2 -> #NAME?
A14: =solver_rhs1=crie um arquivo no google planilhas pra mim e uti...!F6:F10 -> #ERROR! | B14: =solver_rhs1=Problema I!F6:F10 -> #ERROR! | C14: =solver_rhs1=Problema II!G6:G10 -> #ERROR! | D14: =solver_rel1=3 -> #NAME? | E14: =solver_opt=Problema IV!G3 -> #ERROR! | F14: =solver_rhs1=Problema V!F7:F9 -> #ERROR! | G14: =solver_rhs1=Problema VI!G7:G9 -> #ERROR! | H14: =solver_rel2=1 -> #NAME?
A15: =solver_rhs2=crie um arquivo no google planilhas pra mim e uti...!F1 -> #ERROR! | B15: =solver_rhs2=Problema I!F2 -> #ERROR! | C15: =solver_rhs2=Problema II!G2 -> #ERROR! | D15: =solver_rel2=1 -> #NAME? | E15: =solver_rel1=1 -> #NAME? | F15: =solver_rhs2=Problema V!B11:D11 -> #ERROR! | G15: =solver_rhs2=Problema VI!B11:E11 -> #ERROR! | H15: =solver_rel3=3 -> #NAME?
A16: =solver_sho=1 -> #NAME? | B16: =solver_sho=1 -> #NAME? | C16: =solver_sho=1 -> #NAME? | D16: =solver_rel3=2 -> #NAME? | E16: =solver_rel2=3 -> #NAME? | F16: =solver_sho=1 -> #NAME? | G16: =solver_sho=1 -> #NAME? | H16: =solver_rhs1=Problema VII!F7:F9 -> #ERROR!
A17: =solver_typ=1 -> #NAME? | B17: =solver_typ=1 -> #NAME? | C17: =solver_typ=1 -> #NAME? | D17: =solver_rel4=1 -> #NAME? | E17: =solver_rel3=1 -> #NAME? | F17: =solver_typ=2 -> #NAME? | G17: =solver_typ=2 -> #NAME? | H17: =solver_rhs2=Problema VII!B11:D11 -> #ERROR!
A18: =solver_val=0 -> #NAME? | B18: =solver_val=0 -> #NAME? | C18: =solver_val=0 -> #NAME? | D18: =solver_rhs1=Problema III!G6:G7 -> #ERROR! | E18: =solver_rel4=1 -> #NAME? | F18: =solver_val=0 -> #NAME? | G18: =solver_val=0 -> #NAME? | H18: =solver_rhs3=Problema VII!F2 -> #ERROR!
D19: =solver_rhs2=Problema III!G8 -> #ERROR! | E19: =solver_rel5=2 -> #NAME? | H19: =solver_sho=1 -> #NAME?
D20: =solver_rhs3=Problema III!G9 -> #ERROR! | E20: =solver_rhs1=Problema IV!G6 -> #ERROR! | H20: =solver_typ=2 -> #NAME?
D21: =solver_rhs4=Problema III!G10 -> #ERROR! | E21: =solver_rhs2=Problema IV!G7:G8 -> #ERROR! | H21: =solver_val=0 -> #NAME?
D22: =solver_sho=1 -> #NAME? | E22: =solver_rhs3=Problema IV!G9 -> #ERROR!
D23: =solver_typ=2 -> #NAME? | E23: =solver_rhs4=Problema IV!G10 -> #ERROR!
D24: =solver_val=0 -> #NAME? | E24: =solver_rhs5=Problema IV!G11 -> #ERROR!
E25: =solver_sho=1 -> #NAME?
E26: =solver_typ=2 -> #NAME?
E27: =solver_val=0 -> #NAME?
